,شهر,التاريخ,كود العميل,مدى الالتزام الفرع بالاجراءات الاحترازية,مدي رضاء العميل عن نظافة المكان,مدي رضاء العميل عن معاملة العاملين بالفرع,مدي رضاء العميل عن اسعار المنتجات داخل الفرع,مدي رضاء العميل عن تنوع المنتجات,نوع المكالمة
0,يناير,2023-01-11,523511,5,5,5,5,5,شكر
1,يناير,2023-01-11,607165,5,5,5,5,5,شكر
2,يناير,2023-01-11,527301,5,5,5,5,5,شكر
3,يناير,2023-01-11,66101,5,5,5,5,5,شكر
4,يناير,2023-01-11,527855,5,5,5,5,5,شكر
5,يناير,2023-01-11,525863,5,5,5,5,5,شكر
6,يناير,2023-01-11,631540,5,5,5,5,5,شكر
7,يناير,2023-01-11,202372,5,5,5,5,5,شكر
8,يناير,2023-01-11,525918,5,5,5,5,5,شكر
9,يناير,2023-01-12,628781,5,5,5,5,5,شكر
10,يناير,2023-01-12,627483,5,5,5,5,5,شكر
11,يناير,2023-01-12,635094,5,5,5,5,5,شكر
12,يناير,2023-01-12,628339,5,5,5,5,5,شكر
13,يناير,2023-01-12,617626,5,5,5,5,5,شكر
14,يناير,2023-01-12,628685,5,5,5,5,5,شكر
15,يناير,2023-01-12,517514,5,5,5,5,5,شكر
16,يناير,2023-01-14,489069,5,5,5,5,5,شكر
17,يناير,2023-01-14,618789,5,5,5,5,5,شكر
18,يناير,2023-01-14,631730,5,5,5,5,5,شكر
19,يناير,2023-01-14,516295,5,5,5,5,5,شكر
20,يناير,2023-01-14,628151,5,5,5,5,5,شكر
21,يناير,2023-01-14,606130,5,5,5,5,5,شكر
22,يناير,2023-01-14,613594,5,5,5,5,5,شكر
23,يناير,2023-01-14,606228,5,5,5,5,5,شكر
24,يناير,2023-01-14,604104,5,5,5,5,5,شكر
25,يناير,2023-01-14,607786,5,5,5,5,5,شكر
26,يناير,2023-01-14,618761,5,5,5,5,5,شكر
27,يناير,2023-01-16,527516,5,5,5,5,5,شكر
28,يناير,2023-01-16,516116,5,5,5,5,5,شكر
29,يناير,2023-01-16,521067,5,5,5,5,5,شكر
30,يناير,2023-01-16,605020,5,5,5,5,5,شكر
31,يناير,2023-01-16,628983,5,5,5,5,5,شكر
32,يناير,2023-01-16,515351,5,5,5,5,5,شكر
33,يناير,2023-01-16,519381,5,5,5,5,5,شكوي
34,يناير,2023-01-16,528262,5,5,5,5,5,شكوي
35,يناير,2023-01-16,514482,5,5,5,5,5,شكر
36,يناير,2023-01-16,515902,5,5,5,5,5,شكر
37,يناير,2023-01-18,605025,5,5,5,5,5,شكر
38,يناير,2023-01-18,508959,5,5,5,5,5,شكر
39,يناير,2023-01-18,514784,5,5,5,5,5,شكر
40,يناير,2023-01-18,613858,5,5,5,5,5,شكر
41,يناير,2023-01-18,633484,1,1,1,1,1,شكوي
42,يناير,2023-01-18,601735,5,5,5,5,5,اقتراح 
43,يناير,2023-01-18,607920,5,5,5,5,5,شكر
44,يناير,2023-01-20,834055,5,5,5,5,5,شكر
45,يناير,2023-01-20,609997,5,5,5,5,5,شكر
46,يناير,2023-01-20,621478,5,5,5,5,5,شكر
47,يناير,2023-01-20,447565,5,5,5,5,5,شكر
48,يناير,2023-01-20,609668,5,5,5,5,5,شكر
49,يناير,2023-01-20,616624,5,5,5,5,5,شكر
50,يناير,2023-01-20,613389,5,5,5,5,5,شكر
51,يناير,2023-01-20,635261,5,5,5,5,5,شكر
52,يناير,2023-01-24,838147,1,1,1,1,1,شكوي
53,يناير,2023-01-24,612743,5,5,5,5,5,شكر
54,يناير,2023-01-24,633564,5,5,5,5,5,شكر
55,يناير,2023-01-24,631469,5,5,5,5,5,شكر
56,يناير,2023-01-24,608756,5,5,5,5,5,شكر
57,يناير,2023-01-24,603031,5,5,5,5,5,شكر
58,يناير,2023-01-24,509862,5,5,5,5,5,شكر
59,يناير,2023-01-24,522472,5,5,5,5,5,شكر
60,يناير,2023-01-24,514119,5,5,5,5,5,شكر
61,يناير,2023-01-28,608676,5,5,5,5,5,شكر
62,يناير,2023-01-28,512935,5,5,5,5,5,شكر
63,يناير,2023-01-28,622962,5,5,5,5,5,شكر
64,يناير,2023-01-28,609016,5,5,5,5,5,شكر
65,يناير,2023-01-28,507897,5,5,5,5,5,شكر
66,يناير,2023-01-28,621572,5,5,5,5,5,شكر
67,يناير,2023-01-28,612816,5,5,5,5,5,شكر
68,يناير,2023-01-28,507927,5,5,5,5,5,شكر
69,يناير,2023-01-30,610727,5,5,5,5,5,شكر
70,يناير,2023-01-30,520000,5,5,5,5,5,شكر
71,يناير,2023-01-30,602125,5,5,5,5,5,شكر
72,يناير,2023-01-30,515105,5,5,5,5,5,شكر
73,يناير,2023-01-30,633543,5,5,5,5,5,شكر
74,يناير,2023-01-30,604672,5,5,5,5,5,شكر
75,يناير,2023-01-30,230001,5,5,5,5,5,شكر
76,يناير,2023-01-30,618011,5,5,5,5,5,شكر
77,يناير,2023-01-30,510341,5,5,5,5,5,شكر
78,فبراير,2023-02-03,618265,5,5,5,5,5,شكر
79,فبراير,2023-02-03,627846,5,5,5,5,5,شكر
80,فبراير,2023-02-03,527391,5,5,5,5,5,شكر
81,فبراير,2023-02-03,511156,5,5,5,5,5,شكر
82,فبراير,2023-02-03,601345,5,5,5,5,5,شكر
83,فبراير,2023-02-03,632467,5,5,5,5,5,شكر
84,فبراير,2023-02-03,528097,5,5,5,5,5,شكر
85,فبراير,2023-02-09,528740,5,5,5,5,5,شكر
86,فبراير,2023-02-09,510021,5,5,5,5,5,شكر
87,فبراير,2023-02-09,618041,5,5,5,5,5,شكر
88,فبراير,2023-02-09,633484,5,5,5,5,5,شكر
89,فبراير,2023-02-09,516895,5,5,5,5,5,شكر
90,فبراير,2023-02-09,625205,5,5,5,5,5,شكر
91,فبراير,2023-02-09,834205,5,5,5,5,5,شكر
92,فبراير,2023-02-09,510556,5,5,5,5,5,شكر
93,فبراير,2023-02-09,738796,5,5,5,5,5,شكر
94,فبراير,2023-02-09,632583,5,5,5,5,5,شكر
95,فبراير,2023-02-09,628433,5,5,5,5,5,شكر
96,فبراير,2023-02-09,610018,5,5,5,5,5,شكر
97,فبراير,2023-02-09,607031,5,5,5,5,5,شكر
98,فبراير,2023-02-09,603971,5,5,5,5,5,شكر
99,فبراير,2023-02-09,608395,5,5,5,5,5,شكر
100,فبراير,2023-02-09,518196,5,5,5,5,5,شكر
101,فبراير,2023-02-09,608270,5,5,4,4,4,شكر
102,فبراير,2023-02-09,600945,5,5,5,5,5,شكر
103,فبراير,2023-02-09,608107,5,5,5,5,5,شكر
104,فبراير,2023-02-09,628164,5,5,5,5,5,شكر
105,فبراير,2023-02-10,602404,5,5,5,5,5,شكر
106,فبراير,2023-02-10,834085,5,5,5,5,5,شكر
107,فبراير,2023-02-10,835630,5,5,5,5,5,شكر
108,فبراير,2023-02-10,63741,5,5,5,5,5,شكر
109,فبراير,2023-02-10,508397,5,5,5,5,5,شكر
110,فبراير,2023-02-10,628339,5,5,5,5,5,شكر
111,فبراير,2023-02-10,516393,5,5,5,5,5,شكر
112,فبراير,2023-02-10,835392,5,5,5,5,5,شكر
113,فبراير,2023-02-10,605377,5,5,5,5,5,شكر
114,فبراير,2023-02-13,509389,5,5,5,5,5,شكر
115,فبراير,2023-02-13,623359,5,5,5,5,5,شكر
116,فبراير,2023-02-13,102778,5,5,5,5,5,شكر
117,فبراير,2023-02-13,509325,5,5,5,5,5,شكر
118,فبراير,2023-02-13,611473,5,5,5,1,5,شكوي
119,فبراير,2023-02-13,606287,5,5,5,5,5,شكر
120,فبراير,2023-02-13,522669,5,5,5,5,5,شكر
121,فبراير,2023-02-13,616398,5,5,5,5,5,شكر
122,فبراير,2023-02-13,528284,5,5,5,5,5,شكر
123,فبراير,2023-02-14,34505,5,5,5,5,5,شكر
124,فبراير,2023-02-14,833868,5,5,5,5,4,شكر
125,فبراير,2023-02-14,509933,5,5,5,5,5,شكر
126,فبراير,2023-02-14,525172,5,5,5,5,5,شكر
127,فبراير,2023-02-14,614441,5,5,5,5,5,شكوي
128,فبراير,2023-02-14,611652,5,5,5,5,5,شكر
129,فبراير,2023-02-14,614831,5,5,5,5,5,شكر
130,فبراير,2023-02-14,523088,3,3,5,3,3,شكوي
131,فبراير,2023-02-14,633123,5,5,5,5,5,شكر
132,فبراير,2023-02-15,622647,5,5,5,5,5,شكر
133,فبراير,2023-02-15,601450,5,5,5,5,5,شكر
134,فبراير,2023-02-15,612881,5,5,5,5,5,شكر
135,فبراير,2023-02-15,631798,5,5,5,5,5,شكر
136,فبراير,2023-02-15,789018,5,5,5,5,5,شكر
137,فبراير,2023-02-15,661003,5,5,5,5,5,شكر
138,فبراير,2023-02-15,633162,5,5,5,5,5,شكر
139,فبراير,2023-02-15,614662,5,5,5,5,5,شكر
140,فبراير,2023-02-15,612956,5,5,5,5,5,شكر
141,فبراير,2023-02-15,700910,5,5,5,5,5,شكر
142,فبراير,2023-02-16,103062,5,5,5,5,5,شكر
143,فبراير,2023-02-16,625747,5,5,5,5,5,شكر
144,فبراير,2023-02-16,518377,5,5,5,5,5,شكر
145,فبراير,2023-02-16,510399,5,5,5,5,5,شكر
146,فبراير,2023-02-16,631806,5,5,5,5,5,شكر
147,فبراير,2023-02-16,515278,5,5,5,5,5,شكر
148,فبراير,2023-02-16,615215,5,5,5,5,5,شكر
149,فبراير,2023-02-16,623956,5,5,5,5,5,شكر
150,فبراير,2023-02-16,516018,5,5,5,5,5,شكر
151,فبراير,2023-02-16,615384,5,5,5,5,5,شكر
152,فبراير,2023-02-17,608492,5,5,5,5,5,شكر
153,فبراير,2023-02-17,619394,5,5,5,5,5,شكر
154,فبراير,2023-02-17,624127,5,5,5,5,5,شكر
155,فبراير,2023-02-17,625636,5,5,5,5,5,شكر
156,فبراير,2023-02-17,516223,5,5,5,5,5,شكر
157,فبراير,2023-02-17,738984,5,5,5,5,5,شكر
158,فبراير,2023-02-17,623105,5,5,5,5,5,شكر
159,فبراير,2023-02-17,260645,5,5,5,5,5,شكر
160,فبراير,2023-02-18,510340,5,5,5,5,5,شكر
161,فبراير,2023-02-18,834883,5,5,5,5,5,شكر
162,فبراير,2023-02-18,602125,5,5,5,5,5,شكر
163,فبراير,2023-02-18,634053,5,5,5,5,5,شكر
164,فبراير,2023-02-18,665163,5,5,5,5,5,شكر
165,فبراير,2023-02-18,605422,5,5,5,5,5,شكر
166,فبراير,2023-02-21,513709,5,5,5,5,5,شكر
167,فبراير,2023-02-21,516094,5,5,5,5,5,شكر
168,فبراير,2023-02-21,529097,5,5,5,5,5,شكر
169,فبراير,2023-02-21,608312,5,5,5,5,5,شكر
170,فبراير,2023-02-21,635271,5,5,5,5,5,شكر
171,فبراير,2023-02-21,525863,5,5,5,5,5,شكر
172,فبراير,2023-02-21,604992,5,5,5,5,5,شكر
173,فبراير,2023-02-21,614981,5,5,5,5,5,شكر
174,فبراير,2023-02-21,835149,5,5,5,5,5,شكر
175,فبراير,2023-02-21,628647,5,5,5,5,5,شكر
176,فبراير,2023-02-23,834181,5,5,5,5,5,شكر
177,فبراير,2023-02-23,627544,5,5,5,5,5,شكر
178,فبراير,2023-02-23,837479,5,5,5,5,5,شكر
179,فبراير,2023-02-23,608188,5,5,5,5,5,شكر
180,فبراير,2023-02-23,509895,5,5,5,5,5,شكر
181,فبراير,2023-02-23,631568,5,5,5,5,5,شكر
182,فبراير,2023-02-23,517667,5,5,5,1,5,شكوي
183,فبراير,2023-02-23,838156,5,5,5,5,5,شكر
184,فبراير,2023-02-23,508609,5,5,5,5,5,شكر
185,فبراير,2023-02-23,606184,5,5,5,5,5,شكر
186,فبراير,2023-02-25,526171,3,3,3,3,3,شكوي
187,فبراير,2023-02-25,837622,5,5,5,5,5,شكر
188,فبراير,2023-02-25,837968,5,5,5,5,5,شكر
189,فبراير,2023-02-25,635429,5,5,5,5,5,شكر
190,فبراير,2023-02-25,610101,3,3,3,3,3,شكوي
191,فبراير,2023-02-25,261373,5,5,5,5,5,شكر
192,فبراير,2023-02-25,621169,5,5,5,5,5,شكر
193,فبراير,2023-02-25,600511,4,4,4,4,4,شكر
194,فبراير,2023-02-25,602231,5,5,5,5,5,شكر
195,فبراير,2023-02-25,603256,5,5,5,5,5,شكر
196,فبراير,2023-02-27,837749,5,5,5,5,5,شكر
197,فبراير,2023-02-27,529380,5,5,5,5,5,شكر
198,فبراير,2023-02-27,608772,5,5,5,5,5,شكر
199,فبراير,2023-02-27,835787,5,5,5,5,5,شكر
200,فبراير,2023-02-27,608558,5,5,5,5,5,شكر
201,فبراير,2023-02-27,627746,5,5,5,5,5,شكوي
202,فبراير,2023-02-27,612735,5,5,5,5,5,شكر
203,فبراير,2023-02-27,738911,5,5,5,5,5,شكر
204,فبراير,2023-02-27,628671,5,5,5,5,5,شكر
205,فبراير,2023-02-28,626905,5,5,5,5,5,شكر
206,فبراير,2023-02-28,635235,5,5,5,5,5,شكر
207,فبراير,2023-02-28,514764,2,2,5,2,2,استفسار
208,فبراير,2023-02-28,520227,5,5,5,5,5,شكر
209,فبراير,2023-02-28,613880,5,5,5,5,5,شكوي
210,فبراير,2023-02-28,47639,5,5,5,5,5,شكر
211,فبراير,2023-02-28,516625,5,5,5,5,5,شكر
212,فبراير,2023-02-28,514555,5,5,5,5,5,شكر
213,فبراير,2023-02-28,834384,5,5,5,5,5,شكر
214,فبراير,2023-02-28,516675,5,5,5,5,5,شكر
215,مايو,2023-05-02,635019,5,5,5,5,5,شكر
216,مايو,2023-05-02,620995,5,5,5,5,5,شكر
217,مايو,2023-05-02,602976,5,5,5,5,5,شكر
218,مايو,2023-05-02,608772,5,5,5,5,5,شكر
219,مايو,2023-05-02,507610,5,5,5,5,5,شكر
220,مايو,2023-05-02,837337,5,5,5,5,5,شكر
221,مايو,2023-05-02,525672,5,5,5,5,5,شكر
222,مايو,2023-05-02,603980,5,5,5,4,5,شكوي
223,مايو,2023-05-02,609477,5,5,5,4,5,شكر
224,مايو,2023-05-02,620171,5,5,5,5,5,اقتراح 
225,مايو,2023-05-02,838030,5,5,5,5,5,شكر
226,مايو,2023-05-02,514784,5,5,5,5,5,شكوي
227,مايو,2023-05-02,515083,5,5,5,5,5,شكر
228,مايو,2023-05-02,834851,5,5,5,5,5,شكر
229,مايو,2023-05-02,633052,5,5,5,5,5,شكر
230,مايو,2023-05-02,524578,5,5,5,5,5,شكر
231,مايو,2023-05-02,602766,5,5,5,5,5,شكر
232,مايو,2023-05-02,612220,5,5,5,5,5,شكر
233,مايو,2023-05-02,508052,5,5,5,5,5,اقتراح 
234,مايو,2023-05-02,508563,5,5,5,5,5,شكر
235,مايو,2023-05-03,526700,5,5,5,5,5,شكر
236,مايو,2023-05-03,521018,5,5,3,5,5,شكوي
237,مايو,2023-05-03,628305,5,5,5,3,5,شكوي
238,مايو,2023-05-03,601626,5,5,5,5,5,شكر
239,مايو,2023-05-03,602441,5,5,5,5,5,شكر
240,مايو,2023-05-03,836606,5,5,5,5,5,شكر
241,مايو,2023-05-03,628569,5,5,5,5,5,شكر
242,مايو,2023-05-03,613858,5,5,5,5,5,شكر
243,مايو,2023-05-03,608264,5,5,5,5,5,شكر
244,مايو,2023-05-03,521196,5,5,5,5,5,شكر
245,مايو,2023-05-03,626694,5,5,5,5,5,شكر
246,مايو,2023-05-03,520422,5,5,5,5,5,شكر
247,مايو,2023-05-03,525621,5,5,5,5,5,شكر
248,مايو,2023-05-03,626195,5,5,5,5,5,شكر
249,مايو,2023-05-03,836355,5,5,5,5,5,شكر
250,مايو,2023-05-04,620300,5,5,5,5,5,شكر
251,مايو,2023-05-04,508910,5,5,5,5,5,شكر
252,مايو,2023-05-04,629267,5,5,5,5,5,شكر
253,مايو,2023-05-04,522517,5,5,5,5,5,شكر
254,مايو,2023-05-04,110927,5,5,5,5,5,شكر
255,مايو,2023-05-04,517667,5,5,2,5,5,شكوي
256,مايو,2023-05-04,515171,5,5,5,5,5,شكر
257,مايو,2023-05-04,837100,5,5,5,5,5,شكوي
258,مايو,2023-05-04,633734,5,5,5,5,5,شكر
259,مايو,2023-05-04,635044,5,5,5,5,5,شكر
260,مايو,2023-05-04,622830,5,5,5,5,5,شكر
261,مايو,2023-05-04,838302,5,5,5,5,5,شكر
262,مايو,2023-05-04,496341,5,5,5,5,5,شكر
263,مايو,2023-05-04,510191,5,5,5,5,5,شكر
264,مايو,2023-05-04,623071,5,5,5,5,5,شكر
265,مايو,2023-05-04,616268,5,5,5,5,5,شكر
266,مايو,2023-05-04,511155,5,5,5,5,5,شكر
267,مايو,2023-05-04,511511,5,5,5,5,5,شكر
268,مايو,2023-05-04,608130,5,5,5,5,5,اقتراح 
269,مايو,2023-05-04,608462,5,5,5,5,5,شكر
270,مايو,2023-05-05,503401,5,5,5,5,5,شكوي
271,مايو,2023-05-05,629750,5,5,5,5,5,شكر
272,مايو,2023-05-05,507069,5,5,5,5,5,شكر
273,مايو,2023-05-05,629972,5,5,5,5,5,شكوي
274,مايو,2023-05-05,665163,5,5,5,5,5,شكر
275,مايو,2023-05-05,519712,5,5,5,5,5,شكر
276,مايو,2023-05-05,618679,5,5,5,5,5,شكر
277,مايو,2023-05-05,513561,5,5,5,5,5,شكر
278,مايو,2023-05-05,836783,5,5,5,5,5,شكر
279,مايو,2023-05-05,838830,5,5,5,5,5,شكر
280,مايو,2023-05-05,837138,5,5,5,5,5,شكر
281,مايو,2023-05-05,110982,5,5,5,5,5,شكر
282,مايو,2023-05-05,622031,5,5,5,5,5,شكر
283,مايو,2023-05-07,837656,5,5,5,5,5,شكر
284,مايو,2023-05-07,507079,5,5,5,5,5,شكر
285,مايو,2023-05-07,602424,5,5,5,5,5,شكر
286,مايو,2023-05-07,605561,5,5,5,5,5,شكر
287,مايو,2023-05-07,611993,5,5,5,5,5,شكر
288,مايو,2023-05-07,601321,5,5,5,5,5,شكر
289,مايو,2023-05-07,628433,5,5,5,5,5,شكر
290,مايو,2023-05-09,629622,5,5,5,5,5,شكر
291,مايو,2023-05-09,838416,5,5,5,5,5,شكر
292,مايو,2023-05-09,528465,5,5,5,5,5,شكر
293,مايو,2023-05-09,507897,5,5,5,5,5,شكر
294,مايو,2023-05-09,606452,5,5,5,5,5,شكر
295,مايو,2023-05-09,507765,5,5,5,5,5,شكر
296,مايو,2023-05-09,634596,5,5,5,5,5,شكر
297,مايو,2023-05-09,507661,5,5,5,5,5,شكر
298,مايو,2023-05-09,609482,5,5,5,5,5,شكر
299,مايو,2023-05-09,2158550,5,5,5,5,5,شكر
300,مايو,2023-05-10,511669,1,5,1,5,5,شكوي
301,مايو,2023-05-10,2158673,5,5,5,5,5,شكر
302,مايو,2023-05-10,632247,5,5,5,5,3,شكر
303,مايو,2023-05-10,626382,5,5,5,5,5,شكر
304,مايو,2023-05-10,520592,5,5,5,5,5,شكر
305,مايو,2023-05-10,624947,5,5,5,5,5,شكر
306,مايو,2023-05-10,2158720,5,5,5,5,5,شكر
307,مايو,2023-05-10,514227,5,5,5,5,5,شكر
308,مايو,2023-05-10,601237,5,5,5,5,5,شكر
309,مايو,2023-05-10,624792,5,5,5,5,5,شكر
310,مايو,2023-05-12,618870,5,5,5,5,5,شكر
311,مايو,2023-05-12,2158739,5,5,5,5,5,شكر
312,مايو,2023-05-12,629724,5,5,5,5,5,شكر
313,مايو,2023-05-12,517993,5,5,5,5,5,شكر
314,مايو,2023-05-12,610982,5,5,5,5,5,شكر
315,مايو,2023-05-12,624679,5,5,5,5,5,شكر
316,مايو,2023-05-12,607955,5,5,5,5,5,شكر
317,مايو,2023-05-12,513628,5,5,5,5,5,شكر
318,مايو,2023-05-12,834857,5,5,5,5,5,شكر
319,مايو,2023-05-12,621335,5,5,5,5,5,شكر
320,مايو,2023-05-13,2158300,5,5,5,5,4,شكر
321,مايو,2023-05-13,2157976,5,5,5,5,5,شكر
322,مايو,2023-05-13,525804,5,5,5,5,5,شكر
323,مايو,2023-05-13,2158065,5,5,5,5,5,شكر
324,مايو,2023-05-13,837161,5,5,5,5,5,شكر
325,مايو,2023-05-13,527255,5,5,5,4,5,شكوي
326,مايو,2023-05-13,517916,5,5,5,4,5,شكوي
327,مايو,2023-05-13,166455,5,5,3,5,5,استفسار
328,مايو,2023-05-14,510441,5,5,5,5,5,شكر
329,مايو,2023-05-14,627188,5,5,5,5,5,شكر
330,مايو,2023-05-14,622326,5,5,5,5,5,شكر
331,مايو,2023-05-14,835367,5,5,5,5,5,شكر
332,مايو,2023-05-14,522433,5,5,5,5,5,شكر
333,مايو,2023-05-15,835556,5,5,5,5,5,شكر
334,مايو,2023-05-15,635561,5,5,5,5,5,شكر
335,مايو,2023-05-15,605042,5,5,5,5,5,شكر
336,مايو,2023-05-15,514459,5,5,5,5,5,شكر
337,مايو,2023-05-15,837479,5,5,3,5,5,شكوي
338,مايو,2023-05-15,517782,5,5,5,5,3,شكر
339,مايو,2023-05-15,604816,5,5,3,5,5,شكوي
340,مايو,2023-05-15,621115,5,5,5,5,5,شكر
341,مايو,2023-05-15,631806,5,5,3,5,5,شكوي
342,مايو,2023-05-16,2158266,5,5,5,5,5,شكر
343,مايو,2023-05-16,838603,5,5,5,5,5,شكر
344,مايو,2023-05-16,631723,5,5,5,5,5,شكر
345,مايو,2023-05-16,619047,5,5,5,5,5,شكر
346,مايو,2023-05-16,613977,5,5,5,5,5,شكر
347,مايو,2023-05-16,69490,5,5,5,5,5,شكر
348,مايو,2023-05-16,607863,5,5,5,5,5,شكر
349,مايو,2023-05-16,523088,5,5,5,5,5,شكر
350,مايو,2023-05-16,600789,5,5,5,5,5,شكر
351,مايو,2023-05-16,604560,5,5,5,5,5,شكر
352,مارس,2023-03-06,611727,5,5,5,5,5,شكر
353,مارس,2023-03-06,836206,5,5,5,5,5,شكر
354,مارس,2023-03-06,609743,5,5,5,5,5,شكر
355,مارس,2023-03-06,836282,5,5,5,5,5,شكر
356,مارس,2023-03-06,622767,5,5,5,5,5,شكر
357,مارس,2023-03-06,788910,5,5,5,5,5,شكر
358,مارس,2023-03-06,510290,5,5,5,5,5,شكر
359,مارس,2023-03-06,610837,5,5,5,5,5,شكر
360,مارس,2023-03-06,606601,5,5,5,5,5,شكر
361,مارس,2023-03-06,513027,5,5,5,5,5,شكر
362,مارس,2023-03-08,518707,5,5,5,5,5,شكر
363,مارس,2023-03-08,623463,5,5,5,5,5,شكر
364,مارس,2023-03-08,835981,5,5,5,5,5,شكر
365,مارس,2023-03-08,618679,5,5,5,5,5,اقتراح 
366,مارس,2023-03-08,617279,5,5,5,5,5,شكر
367,مارس,2023-03-08,605891,1,2,1,5,3,شكوي
368,مارس,2023-03-08,600939,5,5,5,5,5,شكر
369,مارس,2023-03-08,509324,5,5,5,5,5,شكر
370,مارس,2023-03-08,603070,5,5,5,5,5,شكر
371,مارس,2023-03-08,838380,5,5,5,5,5,شكر
372,مارس,2023-03-10,836800,5,5,5,5,5,شكر
373,مارس,2023-03-10,527144,5,5,5,5,5,شكر
374,مارس,2023-03-10,603858,5,5,5,5,5,شكر
375,مارس,2023-03-10,624928,5,5,5,5,5,شكر
376,مارس,2023-03-10,516137,5,5,5,5,5,شكر
377,مارس,2023-03-10,603173,5,5,5,5,5,شكر
378,مارس,2023-03-10,610192,5,5,5,5,5,شكر
379,مارس,2023-03-10,517652,5,5,5,5,5,شكر
380,مارس,2023-03-10,612529,5,5,5,5,5,شكر
381,مارس,2023-03-10,633110,5,5,5,5,5,شكر
382,مارس,2023-03-12,631730,5,5,5,5,5,شكر
383,مارس,2023-03-12,620219,5,5,5,5,5,شكر
384,مارس,2023-03-12,513339,5,5,5,5,5,شكر
385,مارس,2023-03-12,624713,5,5,5,5,5,شكر
386,مارس,2023-03-12,836180,5,5,5,5,5,شكر
387,مارس,2023-03-12,605620,5,5,5,5,5,شكر
388,مارس,2023-03-12,627309,5,5,5,5,5,شكر
389,مارس,2023-03-12,605876,5,5,5,5,5,شكر
390,مارس,2023-03-12,523143,5,5,5,5,5,شكر
391,مارس,2023-03-12,513852,5,5,5,5,5,شكر
392,مارس,2023-03-14,615138,5,5,5,5,5,شكر
393,مارس,2023-03-14,834618,5,5,5,5,5,شكر
394,مارس,2023-03-14,511611,5,5,5,5,5,شكر
395,مارس,2023-03-14,521604,5,5,5,5,5,شكر
396,مارس,2023-03-14,624963,5,5,5,5,5,شكر
397,مارس,2023-03-14,628433,5,5,5,5,5,شكر
398,مارس,2023-03-14,512021,5,5,5,5,5,شكر
399,مارس,2023-03-14,605799,5,5,5,5,5,شكر
400,مارس,2023-03-14,837656,5,5,5,5,5,شكر
401,مارس,2023-03-14,620450,5,5,5,5,5,شكر
402,مارس,2023-03-14,614469,5,5,5,5,5,شكر
403,مارس,2023-03-14,838655,5,5,5,5,5,شكر
404,يونيو,2023-06-02,216588,5,5,5,5,5,شكر
405,يونيو,2023-06-02,626034,5,5,5,5,5,شكر
406,يونيو,2023-06-02,631375,5,5,5,5,5,شكر
407,يونيو,2023-06-02,520734,5,5,5,5,5,شكر
408,يونيو,2023-06-02,620171,5,5,5,5,5,شكر
409,يونيو,2023-06-02,511312,5,5,5,5,5,شكر
410,يونيو,2023-06-02,628339,5,5,5,5,5,شكر
411,يونيو,2023-06-02,603334,5,5,5,5,5,شكر
412,يونيو,2023-06-02,625517,5,5,5,5,5,شكر
413,يونيو,2023-06-02,623041,5,5,5,5,5,شكر
414,يونيو,2023-06-03,606026,5,5,5,5,5,شكر
415,يونيو,2023-06-03,511063,5,5,5,5,5,شكر
416,يونيو,2023-06-03,526431,5,5,5,5,5,شكوي
417,يونيو,2023-06-03,520078,5,5,5,5,5,شكر
418,يونيو,2023-06-03,2158358,5,5,5,5,5,شكر
419,يونيو,2023-06-03,635467,5,5,5,5,5,شكر
420,يونيو,2023-06-03,516411,5,5,5,5,5,شكر
421,يونيو,2023-06-03,516900,5,5,5,5,5,شكر
422,يونيو,2023-06-03,525672,5,5,5,5,5,شكر
423,يونيو,2023-06-03,615460,5,5,5,5,5,شكر
424,يونيو,2023-06-04,633484,5,5,5,5,5,شكر
425,يونيو,2023-06-04,511511,5,5,5,5,5,شكر
426,يونيو,2023-06-04,2157976,5,5,5,5,5,شكر
427,يونيو,2023-06-04,837488,5,5,5,4,5,شكر
428,يونيو,2023-06-04,618120,5,5,5,5,5,شكر
429,يونيو,2023-06-04,834885,5,5,5,5,5,شكر
430,يونيو,2023-06-04,520418,5,5,5,5,5,شكر
431,يونيو,2023-06-04,508910,5,5,5,5,5,شكر
432,يونيو,2023-06-04,2158738,5,5,5,5,5,شكر
433,يونيو,2023-06-04,612794,5,5,5,5,5,شكر
434,يونيو,2023-06-05,634967,5,5,5,5,5,شكر
435,يونيو,2023-06-05,2148888,5,5,5,5,5,شكر
436,يونيو,2023-06-05,634017,5,5,5,5,5,شكر
437,يونيو,2023-06-05,518366,5,5,5,5,5,شكر
438,يونيو,2023-06-05,616019,5,5,5,5,5,شكر
439,يونيو,2023-06-05,606548,5,5,5,5,5,شكر
440,يونيو,2023-06-05,2151390,5,5,5,5,5,شكر
441,يونيو,2023-06-05,621109,5,5,5,5,5,شكر
442,يونيو,2023-06-05,517179,5,5,5,5,5,شكر
443,يونيو,2023-06-05,516327,5,5,5,5,5,شكر
444,يونيو,2023-06-06,510021,5,5,5,5,5,شكر
445,يونيو,2023-06-06,837644,5,5,5,5,5,شكر
446,يونيو,2023-06-06,618796,5,5,5,5,5,شكر
447,يونيو,2023-06-06,2155513,5,5,5,5,5,شكر
448,يونيو,2023-06-06,523037,5,5,5,5,5,شكر
449,يونيو,2023-06-06,836864,5,5,5,5,5,شكر
450,يونيو,2023-06-06,527500,5,5,5,5,5,شكر
451,يونيو,2023-06-06,530004,5,5,5,5,5,شكر
452,يونيو,2023-06-06,608928,5,5,5,5,5,شكر
453,يونيو,2023-06-06,604713,5,5,5,5,5,شكر
454,يونيو,2023-06-07,519340,5,5,5,5,5,شكر
455,يونيو,2023-06-07,834466,5,5,5,5,5,شكر
456,يونيو,2023-06-07,622526,5,5,5,5,5,شكر
457,يونيو,2023-06-07,2158462,5,5,5,5,5,شكر
458,يونيو,2023-06-07,611417,5,5,5,5,5,شكر
459,يونيو,2023-06-07,2152056,5,5,5,5,5,شكر
460,يونيو,2023-06-07,789015,5,5,5,5,5,شكر
461,يونيو,2023-06-07,518984,5,5,5,5,5,شكر
462,يونيو,2023-06-07,603177,5,5,5,5,5,شكر
463,يونيو,2023-06-07,614008,5,5,5,5,5,شكر
464,يونيو,2023-06-08,45975,5,5,5,5,5,شكر
465,يونيو,2023-06-08,2155861,5,5,5,5,5,شكر
466,يونيو,2023-06-08,838538,5,5,5,5,5,شكر
467,يونيو,2023-06-08,837538,5,5,5,5,5,شكر
468,يونيو,2023-06-08,630108,5,5,5,5,5,شكر
469,يونيو,2023-06-08,611974,5,5,5,5,5,شكوي
470,يونيو,2023-06-08,512896,5,5,5,5,5,شكر
471,يونيو,2023-06-08,634633,5,5,5,5,5,شكر
472,يونيو,2023-06-08,509513,5,5,5,5,5,شكر
473,يونيو,2023-06-09,2151065,5,5,5,5,5,شكر
474,يونيو,2023-06-09,626255,5,5,5,5,5,شكوي
475,يونيو,2023-06-09,838766,5,5,5,5,5,شكر
476,يونيو,2023-06-09,513027,5,5,5,5,5,شكر
477,يونيو,2023-06-09,838459,5,5,5,5,5,شكر
478,يونيو,2023-06-09,838701,5,5,5,5,5,شكر
479,يونيو,2023-06-09,2158478,5,5,5,5,5,شكر
480,يونيو,2023-06-09,529154,5,5,5,5,5,شكر
481,يونيو,2023-06-09,520874,5,5,5,5,5,شكر
482,يونيو,2023-06-09,629377,5,5,5,5,5,شكر
483,يونيو,2023-06-10,620038,5,5,5,5,5,شكر
484,يونيو,2023-06-10,835444,5,5,5,5,5,شكر
485,يونيو,2023-06-10,836743,5,5,5,5,5,شكر
486,يونيو,2023-06-10,602352,5,5,5,5,5,شكوي
487,يونيو,2023-06-10,518033,5,5,5,5,5,شكر
488,يونيو,2023-06-10,510008,5,5,5,5,5,شكر
489,يونيو,2023-06-10,631406,5,5,5,5,5,شكر
490,يونيو,2023-06-10,523535,5,5,5,5,5,شكر
491,يونيو,2023-06-10,508998,5,5,5,5,5,شكر
492,يونيو,2023-06-10,510144,5,5,5,5,5,شكر
493,يونيو,2023-06-11,396009,5,5,5,5,5,شكر
494,يونيو,2023-06-11,613752,5,5,5,5,5,شكر
495,يونيو,2023-06-11,517775,5,5,5,5,5,شكر
496,يونيو,2023-06-11,528757,5,5,5,5,5,شكر
497,يونيو,2023-06-11,834681,5,5,5,5,5,شكر
498,يونيو,2023-06-11,620763,5,5,5,5,5,شكر
499,يونيو,2023-06-11,507990,5,5,5,5,5,شكر
500,يونيو,2023-06-11,632270,5,5,5,5,5,شكر
501,يونيو,2023-06-11,789242,5,5,5,5,5,شكر
502,يونيو,2023-06-11,634329,5,5,5,5,5,شكر
503,يونيو,2023-06-12,2112282,5,5,5,5,5,شكر
504,يونيو,2023-06-12,834768,5,5,5,5,5,شكر
505,يونيو,2023-06-12,510073,5,5,5,5,5,شكر
506,يونيو,2023-06-12,613904,5,5,5,5,5,شكر
507,يونيو,2023-06-12,615917,5,5,5,5,5,شكر
508,يونيو,2023-06-12,614381,5,5,5,5,5,شكر
509,يونيو,2023-06-12,515382,5,5,5,5,5,شكر
510,يونيو,2023-06-12,607535,5,5,5,5,5,شكوي
511,يونيو,2023-06-12,513216,5,5,5,5,5,شكر
512,يونيو,2023-06-12,834754,5,5,5,5,5,شكر
513,يونيو,2023-06-13,617615,5,5,5,5,5,شكوي
514,يونيو,2023-06-13,206736,5,5,5,5,5,شكر
515,يونيو,2023-06-13,507428,5,5,5,5,5,شكر
516,يونيو,2023-06-13,2150979,5,5,5,5,5,شكر
517,يونيو,2023-06-13,2155694,5,5,5,5,5,شكر
518,يونيو,2023-06-13,516503,5,5,5,5,5,شكر
519,يونيو,2023-06-13,605260,5,5,5,5,5,شكر
520,يونيو,2023-06-13,837431,5,5,5,5,5,شكر
521,يونيو,2023-06-13,837202,5,5,5,5,5,شكر
522,يونيو,2023-06-13,631962,5,5,5,5,5,شكوي
523,يونيو,2023-05-14,2151014,5,5,5,5,5,شكر
524,يونيو,2023-05-14,526124,5,5,5,5,5,شكر
525,يونيو,2023-05-14,835124,5,5,5,5,5,شكر
526,يونيو,2023-05-14,517928,5,5,5,5,5,شكر
527,يونيو,2023-05-14,622676,5,5,5,5,5,شكوي
528,يونيو,2023-05-14,525316,5,5,5,5,5,شكوي
529,يونيو,2023-05-14,514133,5,5,5,5,5,شكر
530,يونيو,2023-05-14,338446,5,5,5,5,5,شكر
531,يونيو,2023-05-14,633657,5,5,5,5,5,شكر
532,يونيو,2023-05-14,620843,5,5,5,5,5,شكر
533,يونيو,2023-05-14,838139,5,5,5,5,5,شكر
534,يونيو,2023-06-15,515479,5,5,5,5,5,شكر
535,يونيو,2023-06-15,39233,5,5,5,5,5,شكر
536,يونيو,2023-06-15,2151688,5,5,5,5,5,شكر
537,يونيو,2023-06-15,607100,5,5,5,5,5,شكر
538,يونيو,2023-06-15,604336,5,5,5,5,5,شكر
539,يونيو,2023-06-15,516756,5,5,5,5,5,شكوي
540,يونيو,2023-06-15,625247,5,5,5,5,5,شكر
541,يونيو,2023-06-15,612915,5,5,5,5,5,شكوي
542,يونيو,2023-06-15,521846,5,5,5,5,5,شكر
543,يونيو,2023-06-15,2151407,5,5,5,5,5,شكر
544,يونيو,2023-06-16,2151762,5,5,5,5,5,شكر
545,يونيو,2023-06-16,629243,5,5,5,5,5,شكر
546,يونيو,2023-06-16,2151757,5,5,5,5,5,شكوي
547,يونيو,2023-06-16,507610,5,5,5,5,5,شكر
548,يونيو,2023-06-16,607254,5,5,5,5,5,شكر
549,يونيو,2023-06-16,522084,5,5,5,5,5,شكر
550,يونيو,2023-06-16,2156738,5,5,5,5,5,شكر
551,يونيو,2023-06-16,615009,5,5,5,5,5,شكر
552,يونيو,2023-06-16,625658,5,5,5,5,5,شكر
553,يونيو,2023-06-16,835931,5,5,5,5,5,شكر
554,يونيو,2023-06-17,517099,5,5,5,5,5,شكر
555,يونيو,2023-06-17,2151943,5,5,5,5,5,شكر
556,يونيو,2023-06-17,519470,5,5,5,5,5,شكر
557,يونيو,2023-06-17,625651,5,5,5,5,5,شكر
558,يونيو,2023-06-17,603004,5,5,5,5,5,شكر
559,يونيو,2023-06-17,612685,5,5,5,5,5,شكر
560,يونيو,2023-06-17,511999,5,5,5,5,5,شكوي
561,يونيو,2023-06-17,517356,5,5,5,5,5,شكر
562,يونيو,2023-06-17,2151572,5,5,5,5,5,شكر
563,يونيو,2023-06-17,627332,5,5,5,5,5,شكر
564,يونيو,2023-06-18,2152968,5,5,5,5,5,شكر
565,يونيو,2023-06-18,524644,5,5,5,5,5,شكر
566,يونيو,2023-06-18,635285,5,5,5,5,5,شكر
567,يونيو,2023-06-18,602116,5,5,5,5,5,شكر
568,يونيو,2023-06-18,508663,5,5,5,5,5,شكر
569,يونيو,2023-06-18,607786,5,5,5,5,5,شكر
570,يونيو,2023-06-18,623234,5,5,5,5,5,اقتراح 
571,يونيو,2023-06-18,507563,5,5,5,5,5,شكر
572,يونيو,2023-06-18,618250,5,5,5,5,5,شكر
573,يونيو,2023-06-18,605339,5,5,5,5,5,شكر
574,يونيو,2023-06-19,520273,5,5,5,5,5,شكر
575,يونيو,2023-06-19,2158724,5,5,5,5,5,شكر
576,يونيو,2023-06-19,519346,5,5,5,5,5,شكر
577,يونيو,2023-06-19,617872,5,5,5,5,5,شكر
578,يونيو,2023-06-19,510325,5,5,5,5,5,شكر
579,يونيو,2023-06-19,511153,5,5,5,5,5,شكر
580,يونيو,2023-06-19,2128752,5,5,5,5,5,شكر
581,يونيو,2023-06-19,2151114,5,5,5,5,5,شكر
582,يونيو,2023-06-19,522231,5,5,5,5,5,شكر
583,يونيو,2023-06-19,608589,5,5,5,5,5,شكر
584,يونيو,2023-06-20,525601,5,5,5,5,5,شكر
585,يونيو,2023-06-20,524644,5,5,5,5,5,شكر
586,يونيو,2023-06-20,624082,5,5,5,5,5,شكر
587,يونيو,2023-06-20,622767,5,5,5,5,5,شكر
588,يونيو,2023-06-20,2155846,5,5,5,5,5,شكر
589,يونيو,2023-06-20,2151145,5,5,5,5,5,شكر
590,يونيو,2023-06-20,615576,5,5,5,5,5,شكوي
591,يونيو,2023-06-20,744038,5,5,5,5,5,شكر
592,يونيو,2023-06-20,623127,5,5,5,5,5,شكوي
593,يونيو,2023-06-20,835546,5,5,5,5,5,شكر
594,يونيو,2023-06-21,2152671,5,5,5,5,5,شكر
595,يونيو,2023-06-21,611174,5,5,5,5,5,شكر
596,يونيو,2023-06-21,635398,5,5,5,5,5,شكر
597,يونيو,2023-06-21,631138,5,5,5,5,5,شكر
598,يونيو,2023-06-21,603916,5,5,5,5,5,شكر
599,يونيو,2023-06-21,836161,5,5,5,5,5,شكر
600,يونيو,2023-06-21,629993,5,5,5,5,5,شكر
601,يونيو,2023-06-21,514394,5,5,5,5,5,شكر
602,يونيو,2023-06-21,2152421,5,5,5,5,5,شكوي
603,يونيو,2023-06-21,611293,5,5,5,5,5,شكر
604,يونيو,2023-06-22,514122,5,5,5,5,5,شكر
605,يونيو,2023-06-22,603950,5,5,5,5,5,شكر
606,يونيو,2023-06-22,456738,5,5,5,5,5,شكر
607,يونيو,2023-06-22,508116,5,5,5,5,5,شكر
608,يونيو,2023-06-22,613880,5,5,5,5,5,شكر
609,يونيو,2023-06-22,2152861,5,5,5,5,5,شكر
610,يونيو,2023-06-22,2156573,5,5,5,5,5,شكر
611,يونيو,2023-06-22,528734,5,5,5,5,5,شكر
612,يونيو,2023-06-22,837057,5,5,5,5,5,شكر
613,يونيو,2023-06-22,2152348,5,5,5,5,5,شكر
614,يوليو,2023-07-03,517531,5,5,5,5,5,شكر
615,يوليو,2023-07-03,526754,5,5,5,5,5,شكر
616,يوليو,2023-07-03,517667,1,1,1,1,1,شكوي
617,يوليو,2023-07-03,630173,5,5,5,5,5,شكر
618,يوليو,2023-07-03,508932,5,5,5,5,5,شكر
619,يوليو,2023-07-03,833880,5,5,5,5,5,شكوي
620,يوليو,2023-07-03,513187,5,5,5,5,5,شكر
621,يوليو,2023-07-03,629274,5,5,5,5,5,شكر
622,يوليو,2023-07-03,615917,5,5,5,5,5,شكر
623,يوليو,2023-07-03,509936,5,5,5,5,5,شكر
624,يوليو,2023-07-06,2153252,5,5,5,5,5,شكر
625,يوليو,2023-07-06,507517,5,5,5,5,5,شكر
626,يوليو,2023-07-06,622526,5,5,5,5,5,شكر
627,يوليو,2023-07-06,834678,5,5,5,5,5,شكر
628,يوليو,2023-07-06,113295,5,5,5,5,5,شكر
629,يوليو,2023-07-06,834187,5,5,5,5,5,شكر
630,يوليو,2023-07-06,2158774,5,5,5,5,5,شكر
631,يوليو,2023-07-06,835549,5,5,5,5,5,شكر
632,يوليو,2023-07-06,508089,5,5,5,5,5,شكر
633,يوليو,2023-07-06,635344,5,5,5,5,5,شكر
634,يوليو,2023-07-07,517156,5,5,5,5,5,شكر
635,يوليو,2023-07-07,2153180,5,5,5,5,5,شكر
636,يوليو,2023-07-07,835179,5,5,5,5,5,شكر
637,يوليو,2023-07-07,623602,5,5,5,5,5,شكر
638,يوليو,2023-07-07,633484,5,5,5,5,5,شكوي
639,يوليو,2023-07-07,621266,5,5,5,5,5,شكر
640,يوليو,2023-07-07,629732,5,5,5,5,5,شكر
641,يوليو,2023-07-07,600817,5,5,5,5,5,شكر
642,يوليو,2023-07-07,626935,5,5,5,5,5,شكوي
643,يوليو,2023-07-07,518646,5,5,5,5,5,شكر
644,يوليو,2023-07-08,515582,5,5,5,5,5,شكر
645,يوليو,2023-07-08,622366,5,5,5,5,5,شكر
646,يوليو,2023-07-08,635044,5,5,5,5,5,شكر
647,يوليو,2023-07-08,2158695,5,5,5,5,5,شكر
648,يوليو,2023-07-08,2156861,5,5,5,5,5,شكر
649,يوليو,2023-07-08,601033,5,5,5,5,5,شكر
650,يوليو,2023-07-08,633447,5,5,5,5,5,شكوي
651,يوليو,2023-07-08,619151,5,5,5,5,5,شكوي
652,يوليو,2023-07-08,603831,5,5,5,5,5,شكوي
653,يوليو,2023-07-08,618732,5,5,5,5,5,شكر
654,يوليو,2023-07-09,2158184,5,5,5,5,5,شكر
655,يوليو,2023-07-09,621845,5,5,5,5,5,شكوي
656,يوليو,2023-07-09,2156893,5,5,5,5,5,شكر
657,يوليو,2023-07-09,2152107,5,5,5,5,5,شكر
658,يوليو,2023-07-09,522310,5,5,5,5,5,شكر
659,يوليو,2023-07-09,625250,5,5,5,5,5,شكر
660,يوليو,2023-07-09,614662,5,5,5,5,5,شكر
661,يوليو,2023-07-09,838183,5,5,5,5,5,شكر
662,يوليو,2023-07-09,515512,5,5,5,5,5,شكر
663,يوليو,2023-07-09,624136,5,5,5,5,5,شكر
664,يوليو,2023-07-11,836526,5,5,5,5,5,شكر
665,يوليو,2023-07-11,605599,5,5,5,5,5,شكر
666,يوليو,2023-07-11,517748,5,5,5,5,5,شكر
667,يوليو,2023-07-11,521176,5,5,5,5,5,شكر
668,يوليو,2023-07-11,610192,5,5,5,5,5,شكر
669,يوليو,2023-07-11,634590,5,5,5,5,5,شكر
670,يوليو,2023-07-11,604871,5,5,5,5,5,شكر
671,يوليو,2023-07-11,838825,5,5,5,5,5,شكر
672,يوليو,2023-07-11,836259,5,5,5,5,5,شكر
673,يوليو,2023-07-11,837621,5,5,5,5,5,شكر
674,يوليو,2023-07-11,231580,5,5,5,5,5,شكر
675,يوليو,2023-07-11,631806,5,5,5,5,5,شكر
676,يوليو,2023-07-11,510024,5,5,5,5,5,شكر
677,يوليو,2023-07-11,528740,5,5,5,5,5,شكر
678,يوليو,2023-07-11,2152056,5,5,5,5,5,شكر
679,يوليو,2023-07-11,834599,5,5,5,5,5,شكر
680,يوليو,2023-07-11,2151952,5,5,5,5,5,اقتراح 
681,يوليو,2023-07-11,621583,5,5,5,5,5,شكر
682,يوليو,2023-07-11,523088,5,5,5,5,5,شكر
683,يوليو,2023-07-11,619047,5,5,5,5,5,شكر
684,يوليو,2023-07-12,530073,5,5,5,5,5,شكر
685,يوليو,2023-07-12,626480,5,5,5,5,5,شكر
686,يوليو,2023-07-12,522362,5,5,5,5,5,شكر
687,يوليو,2023-07-12,618984,5,5,5,5,5,شكر
688,يوليو,2023-07-12,525087,5,5,5,5,5,شكر
689,يوليو,2023-07-12,2151390,5,5,5,5,5,شكر
690,يوليو,2023-07-12,517293,5,5,5,5,5,شكر
691,يوليو,2023-07-12,608401,5,5,5,5,5,شكر
692,يوليو,2023-07-12,611974,5,5,5,5,5,شكر
693,يوليو,2023-07-12,525005,5,5,5,5,5,شكر
694,يوليو,2023-07-13,606483,5,5,5,5,5,شكر
695,يوليو,2023-07-13,2150189,5,5,5,5,5,شكر
696,يوليو,2023-07-13,523302,5,5,5,5,5,شكر
697,يوليو,2023-07-13,601629,5,5,5,5,5,شكر
698,يوليو,2023-07-13,837635,5,5,5,5,5,شكر
699,يوليو,2023-07-13,608873,5,5,5,5,5,شكر
700,يوليو,2023-07-13,608063,5,5,5,5,5,شكر
701,يوليو,2023-07-13,522924,5,5,5,5,5,شكوي
702,يوليو,2023-07-13,609990,5,5,5,5,5,شكر
703,يوليو,2023-07-13,838655,5,5,5,5,5,شكر
704,يوليو,2023-07-15,512974,5,5,5,3,5,اقتراح 
705,يوليو,2023-07-15,2155800,5,5,5,5,5,شكر
706,يوليو,2023-07-15,623045,5,5,5,5,5,شكر
707,يوليو,2023-07-15,627013,5,5,5,5,5,شكر
708,يوليو,2023-07-15,2155948,5,5,5,5,5,شكر
709,يوليو,2023-07-15,513464,5,5,5,5,5,شكر
710,يوليو,2023-07-15,628897,5,5,5,5,5,شكر
711,يوليو,2023-07-15,601901,5,5,5,5,5,شكر
712,يوليو,2023-07-15,837226,5,5,5,5,5,شكر
713,يوليو,2023-07-15,622697,5,5,5,5,5,شكر
714,يوليو,2023-07-16,625025,5,5,5,5,5,شكر
715,يوليو,2023-07-16,622034,5,5,5,5,5,شكر
716,يوليو,2023-07-16,628402,5,5,5,5,5,شكر
717,يوليو,2023-07-16,601159,5,5,5,5,5,شكر
718,يوليو,2023-07-16,2155854,5,5,5,5,5,شكر
719,يوليو,2023-07-16,602847,5,5,5,5,5,شكر
720,يوليو,2023-07-16,621109,5,5,5,5,5,شكر
721,يوليو,2023-07-16,605135,5,5,5,5,5,شكر
722,يوليو,2023-07-16,371454,5,5,5,5,5,شكر
723,يوليو,2023-07-16,630419,5,5,5,5,5,شكر
724,يوليو,2023-07-16,627091,5,5,5,5,5,شكر
725,يوليو,2023-07-17,610451,5,5,5,5,5,شكر
726,يوليو,2023-07-17,510227,5,5,5,5,5,شكر
727,يوليو,2023-07-17,521751,5,5,5,5,5,شكر
728,يوليو,2023-07-17,611595,5,5,5,5,5,شكر
729,يوليو,2023-07-17,520865,5,5,5,5,5,شكر
730,يوليو,2023-07-17,512976,5,5,5,5,5,شكر
731,يوليو,2023-07-17,512095,5,5,5,5,5,شكر
732,يوليو,2023-07-17,620919,5,5,5,5,5,شكر
733,يوليو,2023-07-17,837470,5,5,5,5,5,شكر
734,يوليو,2023-07-17,628079,5,5,5,5,5,شكر
735,يوليو,2023-07-18,627096,5,5,5,5,5,شكر
736,يوليو,2023-07-18,783807,5,5,5,5,5,شكوي
737,يوليو,2023-07-18,519210,5,5,5,5,5,شكر
738,يوليو,2023-07-18,517238,5,5,5,5,5,شكر
739,يوليو,2023-07-18,2156608,5,5,5,5,5,شكر
740,يوليو,2023-07-18,623713,5,5,5,5,5,شكر
741,يوليو,2023-07-18,619587,5,5,5,5,5,شكر
742,يوليو,2023-07-18,618276,5,5,5,5,5,شكر
743,يوليو,2023-07-18,836301,5,5,5,5,5,شكر
744,يوليو,2023-07-18,616071,5,5,5,5,5,شكر
745,يوليو,2023-07-19,619915,5,5,5,5,5,شكر
746,يوليو,2023-07-19,507661,5,5,5,5,5,شكر
747,يوليو,2023-07-19,2152925,5,5,5,5,5,شكر
748,يوليو,2023-07-19,511761,5,5,5,5,5,شكوي
749,يوليو,2023-07-19,514255,5,5,5,5,5,شكر
750,يوليو,2023-07-19,521544,5,5,5,5,5,شكوي
751,يوليو,2023-07-19,2151656,5,5,5,5,5,شكر
752,يوليو,2023-07-19,838380,5,5,5,5,5,شكر
753,يوليو,2023-07-19,631736,5,5,5,5,5,شكر
754,يوليو,2023-07-19,2151716,5,5,5,5,5,شكر
755,يوليو,2023-07-20,612743,5,5,5,5,5,شكر
756,يوليو,2023-07-20,835569,5,5,5,5,5,شكر
757,يوليو,2023-07-20,521785,5,5,5,5,5,شكر
758,يوليو,2023-07-20,2151662,5,5,5,5,5,شكر
759,يوليو,2023-07-20,628809,5,5,3,5,5,شكر
760,يوليو,2023-07-20,609743,5,5,5,5,5,شكر
761,يوليو,2023-07-20,600777,5,5,5,5,5,شكر
762,يوليو,2023-07-20,632270,5,5,5,5,5,شكر
763,يوليو,2023-07-20,738796,5,5,5,5,5,شكر
764,يوليو,2023-07-20,510290,5,5,5,5,5,اقتراح 
765,يوليو,2023-07-21,511768,5,5,5,5,5,شكر
766,يوليو,2023-07-21,615763,5,5,5,5,5,شكر
767,يوليو,2023-07-21,616676,5,5,5,5,5,شكر
768,يوليو,2023-07-21,606850,5,5,5,5,5,شكر
769,يوليو,2023-07-21,614593,5,5,5,5,5,شكر
770,يوليو,2023-07-21,512801,5,5,5,5,5,شكر
771,يوليو,2023-07-21,528295,5,5,5,5,5,شكر
772,يوليو,2023-07-21,518000,5,5,5,5,5,شكر
773,يوليو,2023-07-21,2153329,5,5,5,5,5,شكر
774,يوليو,2023-07-21,777019,5,5,5,5,5,شكر
775,يوليو,2023-07-22,526700,5,5,5,5,5,شكر
776,يوليو,2023-07-22,509389,5,5,5,5,5,شكر
777,يوليو,2023-07-22,2151958,5,5,5,5,5,شكر
778,يوليو,2023-07-22,612424,5,5,5,5,5,شكر
779,يوليو,2023-07-22,517156,5,5,5,5,5,شكر
780,يوليو,2023-07-22,507103,5,5,3,5,3,شكوي
781,يوليو,2023-07-22,631375,5,5,5,5,4,شكوي
782,يوليو,2023-07-22,620172,5,5,5,5,5,شكر
783,يوليو,2023-07-22,601921,5,5,5,5,5,شكر
784,يوليو,2023-07-22,507635,5,5,5,5,5,شكر
785,يوليو,2023-07-23,627247,5,5,5,5,5,شكر
786,يوليو,2023-07-23,838066,5,5,5,5,5,شكر
787,يوليو,2023-07-23,2154067,5,5,5,5,5,شكر
788,يوليو,2023-07-23,2151638,5,5,5,3,5,شكوي
789,يوليو,2023-07-23,510021,5,5,5,5,5,شكر
790,يوليو,2023-07-23,838304,5,5,5,5,5,شكر
791,يوليو,2023-07-23,513595,5,5,5,5,5,اقتراح 
792,يوليو,2023-07-23,626355,5,5,5,5,5,شكر
793,يوليو,2023-07-23,600649,5,5,5,5,5,شكر
794,يوليو,2023-07-23,739213,5,5,5,5,5,شكر
795,يوليو,2023-07-24,2151287,5,5,5,5,5,شكر
796,يوليو,2023-07-24,2153974,5,5,5,5,5,شكر
797,يوليو,2023-07-24,507653,5,5,5,5,5,شكر
798,يوليو,2023-07-24,607463,5,5,5,5,5,شكر
799,يوليو,2023-07-24,615576,5,5,5,5,5,شكر
800,يوليو,2023-07-24,2151613,5,5,5,5,5,شكر
801,يوليو,2023-07-24,2150998,5,5,5,5,5,شكر
802,يوليو,2023-07-24,605384,5,5,5,5,5,شكر
803,يوليو,2023-07-24,836788,5,5,5,5,5,شكر
804,يوليو,2023-07-24,510314,5,5,5,5,5,شكر
805,يوليو,2023-07-26,517834,5,5,5,5,5,شكر
806,يوليو,2023-07-26,513075,5,5,5,5,5,شكر
807,يوليو,2023-07-26,2156893,5,5,5,5,5,شكر
808,يوليو,2023-07-26,514804,5,5,5,5,5,شكر
809,يوليو,2023-07-26,603256,5,5,5,5,3,شكر
810,يوليو,2023-07-26,608558,5,5,5,5,5,شكر
811,يوليو,2023-07-26,620763,5,5,5,5,5,شكر
812,يوليو,2023-07-26,629414,5,5,5,5,5,شكر
813,يوليو,2023-07-26,607193,5,5,5,5,5,شكر
814,يوليو,2023-07-26,623234,5,5,5,5,5,شكر
815,يوليو,2023-07-27,519213,5,5,5,5,5,شكر
816,يوليو,2023-07-27,625129,5,5,5,5,5,شكر
817,يوليو,2023-07-27,618615,5,5,5,5,5,شكر
818,يوليو,2023-07-27,519530,5,5,5,5,5,شكر
819,يوليو,2023-07-27,617855,5,5,5,5,5,شكر
820,يوليو,2023-07-27,630468,5,5,5,5,5,شكر
821,يوليو,2023-07-27,2158695,5,5,5,5,5,شكر
822,يوليو,2023-07-27,625974,5,5,5,5,5,شكر
823,يوليو,2023-07-27,539643,5,5,5,5,5,شكر
824,يوليو,2023-07-27,610892,5,5,5,5,5,شكر
825,يوليو,2023-07-28,611249,5,5,5,5,5,شكر
826,يوليو,2023-07-28,529733,5,5,5,5,5,شكر
827,يوليو,2023-07-28,837566,5,5,5,5,5,شكر
828,يوليو,2023-07-28,629718,5,5,5,5,5,شكر
829,يوليو,2023-07-28,837974,5,5,5,5,5,شكر
830,يوليو,2023-07-28,509742,5,5,5,5,5,شكر
831,يوليو,2023-07-28,515923,5,5,5,5,5,شكر
832,يوليو,2023-07-28,518134,5,5,5,5,5,شكر
833,يوليو,2023-07-28,604022,5,5,5,5,5,شكر
834,يوليو,2023-07-28,601901,5,5,5,5,5,شكر
835,يوليو,2023-07-29,2153722,5,5,5,5,5,شكر
836,يوليو,2023-07-29,621818,5,5,5,5,5,شكر
837,يوليو,2023-07-29,617958,5,5,5,5,5,شكر
838,يوليو,2023-07-29,620271,5,5,5,5,5,شكر
839,يوليو,2023-07-29,2154235,5,5,5,5,5,شكر
840,يوليو,2023-07-29,624495,5,5,5,5,5,شكر
841,يوليو,2023-07-29,2151743,5,5,5,5,5,شكر
842,يوليو,2023-07-29,525174,5,5,5,5,5,شكر
843,يوليو,2023-07-29,836803,5,5,5,5,5,شكر
844,يوليو,2023-07-29,508355,5,5,5,5,5,شكر
845,يوليو,2023-07-30,2151870,5,5,5,5,5,اقتراح 
846,يوليو,2023-07-30,529721,5,5,5,5,5,شكر
847,يوليو,2023-07-30,604651,5,5,5,5,5,شكر
848,يوليو,2023-07-30,2158733,5,5,5,5,5,شكر
849,يوليو,2023-07-30,619727,5,5,5,5,5,شكر
850,يوليو,2023-07-30,509962,5,5,5,1,5,شكوي
851,يوليو,2023-07-30,615889,5,5,5,5,5,شكر
852,يوليو,2023-07-30,616177,5,5,5,5,5,شكر
853,يوليو,2023-07-30,630496,5,5,5,2,5,شكوي
854,يوليو,2023-07-30,2151321,5,5,5,5,5,شكر
855,يوليو,2023-07-31,626535,5,5,5,5,5,شكر
856,يوليو,2023-07-31,838081,5,5,5,5,5,اقتراح 
857,يوليو,2023-07-31,525162,5,5,5,5,5,شكر
858,يوليو,2023-07-31,834851,5,5,5,5,5,شكر
859,يوليو,2023-07-31,529226,5,5,5,5,5,شكر
860,يوليو,2023-07-31,608734,5,5,5,5,5,شكر
861,يوليو,2023-07-31,611731,2,5,1,5,5,شكوي
862,يوليو,2023-07-31,522453,5,5,5,5,5,شكر
863,يوليو,2023-07-31,632191,5,5,5,5,5,شكوي
864,يوليو,2023-07-31,512428,5,5,5,5,5,شكوي
865,اغسطس,2023-08-01,511869,5,5,5,5,5,اقتراح
866,اغسطس,2023-08-01,519739,5,5,5,5,5,شكر 
867,اغسطس,2023-08-01,836837,5,5,5,5,5,شكر 
868,اغسطس,2023-08-01,522517,5,5,5,5,5,شكر 
869,اغسطس,2023-08-01,2155854,5,5,5,5,5,شكر 
870,اغسطس,2023-08-01,834481,2,3,5,5,3,شكوي
871,اغسطس,2023-08-01,633823,5,5,5,5,5,شكر 
872,اغسطس,2023-08-01,525672,5,5,5,5,5,شكر 
873,اغسطس,2023-08-01,621509,5,5,5,5,5,شكر 
874,اغسطس,2023-08-01,523037,5,5,5,5,5,شكر 
875,اغسطس,2023-08-02,627296,5,5,5,5,5,شكر 
876,اغسطس,2023-08-02,632655,5,5,5,5,5,شكر 
877,اغسطس,2023-08-02,516199,5,5,5,5,5,شكر 
878,اغسطس,2023-08-02,630091,5,5,5,5,5,شكر 
879,اغسطس,2023-08-02,616268,4,4,1,4,4,شكوي
880,اغسطس,2023-08-02,617957,5,5,5,5,5,شكر 
881,اغسطس,2023-08-02,628552,5,5,5,5,5,شكر 
882,اغسطس,2023-08-02,2153826,5,5,5,5,5,شكر 
883,اغسطس,2023-08-02,2151397,5,5,5,5,5,شكر 
884,اغسطس,2023-08-02,835478,5,5,5,5,5,شكر 
885,اغسطس,2023-08-03,632021,5,5,5,5,5,شكر 
886,اغسطس,2023-08-03,622550,5,5,5,5,5,شكر 
887,اغسطس,2023-08-03,518497,5,5,5,5,5,شكر 
888,اغسطس,2023-08-03,523924,5,5,5,5,5,اقتراح
889,اغسطس,2023-08-03,626890,5,5,5,5,5,شكر 
890,اغسطس,2023-08-03,529698,5,5,5,5,5,شكر 
891,اغسطس,2023-08-03,623594,5,5,1,5,5,شكوي
892,اغسطس,2023-08-03,838065,5,5,5,5,5,شكر 
893,اغسطس,2023-08-03,629562,5,5,5,5,5,شكر 
894,اغسطس,2023-08-03,606733,5,5,5,5,5,شكر 
895,اغسطس,2023-08-04,519340,2,2,2,2,2,شكوي
896,اغسطس,2023-08-04,632573,5,5,5,5,5,شكر 
897,اغسطس,2023-08-04,602352,5,5,5,5,5,شكر 
898,اغسطس,2023-08-04,2156608,5,5,5,5,5,شكر 
899,اغسطس,2023-08-04,831596,5,5,5,5,5,شكر 
900,اغسطس,2023-08-04,521242,3,3,3,3,3,شكوي
901,اغسطس,2023-08-04,630703,5,5,5,5,5,شكر 
902,اغسطس,2023-08-04,510417,5,5,5,5,5,شكر 
903,اغسطس,2023-08-04,520924,2,2,2,2,2,شكوي
904,اغسطس,2023-08-04,513607,5,5,5,5,5,شكر 
905,اغسطس,2023-08-05,606875,5,5,5,5,5,شكر 
906,اغسطس,2023-08-05,632510,5,5,5,5,5,شكر 
907,اغسطس,2023-08-05,605306,5,5,5,5,5,شكر 
908,اغسطس,2023-08-05,629716,5,5,5,5,5,شكر 
909,اغسطس,2023-08-05,510330,5,5,5,5,5,شكر 
910,اغسطس,2023-08-05,605599,5,5,5,5,5,شكر 
911,اغسطس,2023-08-05,631322,5,5,5,5,5,شكر 
912,اغسطس,2023-08-05,623956,5,5,5,5,5,شكر 
913,اغسطس,2023-08-05,618519,5,5,5,5,5,شكر 
914,اغسطس,2023-08-05,621890,5,5,5,5,5,شكر 
915,اغسطس,2023-08-06,835444,5,5,5,5,5,شكر 
916,اغسطس,2023-08-06,601901,5,5,5,5,5,شكر 
917,اغسطس,2023-08-06,522685,5,5,5,5,5,شكر 
918,اغسطس,2023-08-06,834533,5,5,5,5,5,شكر 
919,اغسطس,2023-08-06,517732,5,5,5,5,5,شكر 
920,اغسطس,2023-08-06,419047,5,5,5,5,5,شكر 
921,اغسطس,2023-08-06,739242,5,5,5,5,5,شكر 
922,اغسطس,2023-08-06,508393,5,5,5,5,5,شكر 
923,اغسطس,2023-08-06,571846,5,5,5,5,5,شكر 
924,اغسطس,2023-08-06,517953,5,5,5,5,5,شكر 
925,اغسطس,2023-08-08,522167,5,5,5,5,5,شكر 
926,اغسطس,2023-08-08,601092,5,5,5,5,5,شكر 
927,اغسطس,2023-08-08,834519,5,5,5,5,5,شكر 
928,اغسطس,2023-08-08,510147,5,5,5,5,5,شكر 
929,اغسطس,2023-08-08,620038,5,5,5,5,5,شكر 
930,اغسطس,2023-08-08,523088,4,4,4,4,4,شكوي
931,اغسطس,2023-08-08,2154437,5,5,5,5,5,شكر 
932,اغسطس,2023-08-08,834286,5,5,5,5,5,شكر 
933,اغسطس,2023-08-08,609952,5,5,5,5,5,شكر 
934,اغسطس,2023-08-08,513106,3,3,3,3,3,شكوي
935,اغسطس,2023-08-09,607254,5,5,5,5,5,شكر 
936,اغسطس,2023-08-09,635398,5,5,5,5,5,شكر 
937,اغسطس,2023-08-09,631727,5,5,5,5,5,شكر 
938,اغسطس,2023-08-09,2150042,5,5,5,5,5,شكر 
939,اغسطس,2023-08-09,2154222,5,5,5,5,5,شكر 
940,اغسطس,2023-08-09,2152842,5,5,5,5,5,شكر 
941,اغسطس,2023-08-09,517984,5,5,5,5,5,شكر 
942,اغسطس,2023-08-09,230052,5,5,5,5,5,شكر 
943,اغسطس,2023-08-09,513860,5,5,5,5,5,شكر 
944,اغسطس,2023-08-09,786449,5,5,5,5,5,شكر 
945,اغسطس,2023-08-10,633484,5,5,5,5,5,شكر 
946,اغسطس,2023-08-10,527614,5,5,5,5,5,شكر 
947,اغسطس,2023-08-10,605395,5,5,5,5,5,شكر 
948,اغسطس,2023-08-10,631889,5,5,5,5,5,شكر 
949,اغسطس,2023-08-10,513724,5,5,5,5,5,شكر 
950,اغسطس,2023-08-10,615871,5,5,5,5,5,شكر 
951,اغسطس,2023-08-10,614662,5,5,5,5,5,شكر 
952,اغسطس,2023-08-10,526522,5,5,5,5,5,شكر 
953,اغسطس,2023-08-10,321675,5,5,5,5,5,شكر 
954,اغسطس,2023-08-10,633179,5,5,5,5,5,شكر 
955,اغسطس,2023-08-10,2150336,5,5,5,5,5,شكر 
956,اغسطس,2023-08-11,604338,5,5,5,5,5,اقتراح
957,اغسطس,2023-08-11,836783,5,5,5,5,5,شكر 
958,اغسطس,2023-08-11,518000,5,5,5,5,5,شكر 
959,اغسطس,2023-08-11,611652,5,5,1,5,5,شكوي
960,اغسطس,2023-08-11,604888,5,5,5,5,5,شكر 
961,اغسطس,2023-08-11,629715,5,5,5,5,5,شكر 
962,اغسطس,2023-08-11,622638,5,5,5,5,5,شكر 
963,اغسطس,2023-08-11,2155846,5,5,1,5,5,شكر 
964,اغسطس,2023-08-11,612625,5,5,5,5,5,شكر 
965,اغسطس,2023-08-11,528120,5,5,5,5,5,اقتراح
966,اغسطس,2023-08-13,837635,5,5,5,5,5,شكر 
967,اغسطس,2023-08-13,516584,5,5,5,5,5,شكر 
968,اغسطس,2023-08-13,2152505,5,5,5,5,5,شكر 
969,اغسطس,2023-08-13,2152399,5,5,5,5,5,شكر 
970,اغسطس,2023-08-13,2156653,5,5,5,5,5,شكر 
971,اغسطس,2023-08-13,517531,5,5,5,5,5,شكر 
972,اغسطس,2023-08-13,628897,5,5,5,5,5,شكر 
973,اغسطس,2023-08-13,622778,5,5,5,5,5,شكر 
974,اغسطس,2023-08-13,605402,5,5,5,5,5,شكر 
975,اغسطس,2023-08-13,516335,5,5,5,5,5,شكر 
976,اغسطس,2023-08-14,634068,5,5,5,5,5,شكر 
977,اغسطس,2023-08-14,527391,5,5,5,5,5,شكر 
978,اغسطس,2023-08-14,665163,5,5,5,5,5,شكر 
979,اغسطس,2023-08-14,522084,5,5,5,5,5,شكر 
980,اغسطس,2023-08-14,513918,5,5,5,5,5,شكر 
981,اغسطس,2023-08-14,611039,5,5,5,5,5,شكر 
982,اغسطس,2023-08-14,527301,5,5,5,5,5,شكر 
983,اغسطس,2023-08-14,517855,5,5,5,5,5,شكر 
984,اغسطس,2023-08-14,602939,5,5,5,5,5,شكر 
985,اغسطس,2023-08-14,2158420,5,5,5,5,5,شكوي
986,اغسطس,2023-08-15,508523,5,5,5,5,5,شكر 
987,اغسطس,2023-08-15,2156836,5,5,5,5,5,شكر 
988,اغسطس,2023-08-15,522101,5,5,5,5,5,شكر 
989,اغسطس,2023-08-15,2151333,5,5,5,5,5,شكر 
990,اغسطس,2023-08-15,634558,5,5,5,5,5,شكر 
991,اغسطس,2023-08-15,438878,5,5,5,5,5,شكر 
992,اغسطس,2023-08-15,614995,5,5,5,5,5,شكر 
993,اغسطس,2023-08-15,2150056,5,5,5,5,5,شكوي
994,اغسطس,2023-08-15,822474,5,5,5,5,5,شكر 
995,اغسطس,2023-08-15,614867,5,5,5,5,5,شكر 
996,اغسطس,2023-08-25,361198,5,5,5,5,5,شكر 
997,اغسطس,2023-08-25,614008,5,5,5,5,5,شكر 
998,اغسطس,2023-08-25,608457,5,5,5,5,5,شكر 
999,اغسطس,2023-08-25,628339,5,5,5,5,5,شكر 
1000,اغسطس,2023-08-25,615509,5,5,5,5,5,شكر 
1001,اغسطس,2023-08-25,608511,5,5,5,5,5,شكر 
1002,اغسطس,2023-08-25,530195,5,5,5,5,5,شكر 
1003,اغسطس,2023-08-25,836920,5,5,5,5,5,شكر 
1004,اغسطس,2023-08-25,513236,5,5,5,5,5,شكر 
1005,اغسطس,2023-08-25,606887,5,5,5,5,5,شكر 
1006,اغسطس,2023-08-25,511714,5,5,5,5,5,شكر 
1007,سبتمبر,2023-09-04,621651,5,5,5,5,5,شكر 
1008,سبتمبر,2023-09-04,517916,5,5,5,1,5,شكوي
1009,سبتمبر,2023-09-04,2158492,5,5,5,5,5,شكر 
1010,سبتمبر,2023-09-04,516411,5,5,5,5,5,شكر 
1011,سبتمبر,2023-09-04,630191,5,5,5,5,5,شكر 
1012,سبتمبر,2023-09-04,601731,5,5,5,5,5,شكر 
1013,سبتمبر,2023-09-04,2152682,5,5,5,5,5,شكر 
1014,سبتمبر,2023-09-04,516795,5,5,5,5,5,شكر 
1015,سبتمبر,2023-09-04,601164,5,5,5,5,5,شكر 
1016,سبتمبر,2023-09-04,613237,5,5,5,5,5,شكر 
1017,سبتمبر,2023-09-05,2152671,5,5,1,5,5,شكوي
1018,سبتمبر,2023-09-05,510417,5,5,5,5,5,شكر 
1019,سبتمبر,2023-09-05,611946,5,5,5,5,5,شكر 
1020,سبتمبر,2023-09-05,620301,5,5,5,5,5,شكر 
1021,سبتمبر,2023-09-05,514555,5,5,5,5,5,شكر 
1022,سبتمبر,2023-09-05,838459,5,5,5,5,5,شكر 
1023,سبتمبر,2023-09-05,507897,5,5,5,5,5,شكوي
1024,سبتمبر,2023-09-05,635247,5,5,5,5,5,شكر 
1025,سبتمبر,2023-09-05,623949,5,1,5,5,5,شكوي
1026,سبتمبر,2023-09-05,634329,5,5,1,5,5,شكوي
1027,سبتمبر,2023-09-06,594928,5,5,5,5,5,شكر 
1028,سبتمبر,2023-09-06,621845,5,5,5,5,5,شكوي
1029,سبتمبر,2023-09-06,2152081,5,5,5,5,5,شكر 
1030,سبتمبر,2023-09-06,508860,5,5,5,5,5,شكر 
1031,سبتمبر,2023-09-06,526124,5,5,5,5,5,شكر 
1032,سبتمبر,2023-09-06,837625,5,5,5,5,5,شكر 
1033,سبتمبر,2023-09-06,838725,5,5,5,5,5,شكر 
1034,سبتمبر,2023-09-06,2155800,5,5,5,5,5,شكر 
1035,سبتمبر,2023-09-06,610967,5,5,5,5,5,شكر 
1036,سبتمبر,2023-09-06,516675,5,5,5,5,5,شكر 
1037,سبتمبر,2023-09-09,603954,5,5,5,5,5,شكر 
1038,سبتمبر,2023-09-09,526736,5,5,5,5,5,شكر 
1039,سبتمبر,2023-09-09,613156,5,5,5,5,5,شكر 
1040,سبتمبر,2023-09-09,626946,5,5,5,5,5,شكر 
1041,سبتمبر,2023-09-09,529366,5,5,5,5,5,شكر 
1042,سبتمبر,2023-09-09,617185,5,5,5,5,5,شكر 
1043,سبتمبر,2023-09-09,738996,5,5,5,5,5,شكر 
1044,سبتمبر,2023-09-09,625323,5,5,5,5,5,شكر 
1045,سبتمبر,2023-09-09,509389,5,5,5,5,5,شكر 
1046,سبتمبر,2023-09-09,631394,5,5,5,5,5,شكر 
1047,سبتمبر,2023-09-11,527255,5,5,5,5,5,شكر 
1048,سبتمبر,2023-09-11,516455,5,5,1,5,5,شكوي
1049,سبتمبر,2023-09-11,604397,5,5,5,5,5,شكر 
1050,سبتمبر,2023-09-11,530138,5,5,5,5,5,شكر 
1051,سبتمبر,2023-09-11,518000,5,5,5,5,5,شكر 
1052,سبتمبر,2023-09-11,600770,5,5,5,5,5,شكر 
1053,سبتمبر,2023-09-11,603498,5,5,5,5,5,شكر 
1054,سبتمبر,2023-09-11,617982,5,5,5,1,5,شكوي
1055,سبتمبر,2023-09-11,2158925,5,5,5,5,5,شكر 
1056,سبتمبر,2023-09-11,523383,5,5,5,5,5,شكر 
1057,سبتمبر,2023-09-14,624082,5,5,5,5,5,شكر 
1058,سبتمبر,2023-09-14,2150184,5,5,5,5,5,شكر 
1059,سبتمبر,2023-09-14,612598,5,5,5,5,5,شكر 
1060,سبتمبر,2023-09-14,2158706,5,5,5,5,5,شكر 
1061,سبتمبر,2023-09-14,516584,5,5,5,5,5,شكر 
1062,سبتمبر,2023-09-14,625555,5,5,5,5,5,شكر 
1063,سبتمبر,2023-09-14,526754,5,5,5,5,5,شكر 
1064,سبتمبر,2023-09-14,508910,5,5,5,5,5,شكر 
1065,سبتمبر,2023-09-14,515742,5,5,5,5,5,شكر 
1066,سبتمبر,2023-09-14,511589,4,4,4,4,4,شكوي
1067,سبتمبر,2023-09-14,621945,5,5,5,5,5,شكر 
1068,سبتمبر,2023-09-15,25277,5,5,5,5,5,شكر 
1069,سبتمبر,2023-09-15,630419,5,5,5,5,5,شكر 
1070,سبتمبر,2023-09-15,521687,5,5,5,5,5,شكر 
1071,سبتمبر,2023-09-15,633986,5,5,5,5,5,شكر 
1072,سبتمبر,2023-09-15,510133,5,5,5,5,5,شكر 
1073,سبتمبر,2023-09-15,608018,5,5,5,5,5,شكر 
1074,سبتمبر,2023-09-15,529459,5,5,5,5,5,شكر 
1075,سبتمبر,2023-09-15,631298,5,5,5,5,5,شكر 
1076,سبتمبر,2023-09-15,611438,5,5,5,5,5,شكر 
1077,سبتمبر,2023-09-15,528340,5,5,5,5,5,شكر 
1078,سبتمبر,2023-09-15,521728,5,5,5,5,5,شكر 
1079,سبتمبر,2023-09-16,605916,5,5,5,5,5,شكر 
1080,سبتمبر,2023-09-16,2120023,5,5,5,5,5,شكر 
1081,سبتمبر,2023-09-16,634039,5,5,5,5,5,شكر 
1082,سبتمبر,2023-09-16,513290,5,5,5,5,5,شكر 
1083,سبتمبر,2023-09-16,738806,5,5,5,5,5,شكر 
1084,سبتمبر,2023-09-16,513849,5,5,5,5,5,شكر 
1085,سبتمبر,2023-09-16,510442,5,5,5,5,5,شكر 
1086,سبتمبر,2023-09-16,527287,1,1,1,5,5,شكوي
1087,سبتمبر,2023-09-16,2152144,5,5,5,5,5,شكر 
1088,سبتمبر,2023-09-16,601842,5,5,5,5,5,شكر 
1089,سبتمبر,2023-09-17,526700,5,5,5,5,5,شكر 
1090,سبتمبر,2023-09-17,2156608,5,5,5,5,5,شكر 
1091,سبتمبر,2023-09-17,611711,5,5,5,5,5,شكر 
1092,سبتمبر,2023-09-17,522224,5,5,5,5,5,شكر 
1093,سبتمبر,2023-09-17,624891,5,5,5,5,5,شكر 
1094,سبتمبر,2023-09-17,612507,5,5,5,5,5,شكر 
1095,سبتمبر,2023-09-17,511156,5,5,5,5,5,شكر 
1096,سبتمبر,2023-09-17,511999,5,5,5,5,5,شكر 
1097,سبتمبر,2023-09-17,606483,5,5,5,5,5,شكر 
1098,سبتمبر,2023-09-17,524846,5,5,5,5,5,شكر 
1099,سبتمبر,2023-09-18,202200,5,5,5,5,5,شكر 
1100,سبتمبر,2023-09-18,627992,5,5,5,5,5,شكر 
1101,سبتمبر,2023-09-18,633953,5,5,5,5,5,شكر 
1102,سبتمبر,2023-09-18,517732,5,5,5,5,5,شكر 
1103,سبتمبر,2023-09-18,607920,5,5,5,5,5,شكر 
1104,سبتمبر,2023-09-18,510865,5,5,5,5,5,شكر 
1105,سبتمبر,2023-09-18,509559,5,5,5,1,5,شكوي
1106,سبتمبر,2023-09-18,603114,5,5,5,5,5,شكر 
1107,سبتمبر,2023-09-18,508959,5,5,5,5,5,شكر 
1108,سبتمبر,2023-09-18,340818,5,5,5,5,5,شكر 
1109,سبتمبر,2023-09-19,515273,5,5,5,5,5,شكر 
1110,سبتمبر,2023-09-19,2130204,5,5,5,5,5,شكر 
1111,سبتمبر,2023-09-19,507281,5,5,5,5,5,شكر 
1112,سبتمبر,2023-09-19,617408,5,5,5,5,5,شكر 
1113,سبتمبر,2023-09-19,835985,5,5,5,5,5,شكر 
1114,سبتمبر,2023-09-19,521751,5,5,5,5,5,شكر 
1115,سبتمبر,2023-09-19,609528,5,5,5,5,5,شكر 
1116,سبتمبر,2023-09-19,2153998,5,5,5,5,5,شكر 
1117,سبتمبر,2023-09-19,2151559,5,5,5,5,5,شكر 
1118,سبتمبر,2023-09-19,789055,5,5,5,5,5,شكر 
1119,سبتمبر,2023-09-20,508554,5,5,5,5,5,شكر 
1120,سبتمبر,2023-09-20,517810,5,5,5,5,5,شكر 
1121,سبتمبر,2023-09-20,528261,5,5,5,5,5,شكر 
1122,سبتمبر,2023-09-20,835817,5,5,5,5,5,شكر 
1123,سبتمبر,2023-09-20,519307,5,5,5,5,5,شكر 
1124,سبتمبر,2023-09-20,621871,5,5,5,5,5,شكر 
1125,سبتمبر,2023-09-20,609388,5,5,5,5,5,شكر 
1126,سبتمبر,2023-09-20,520954,5,5,5,5,5,شكر 
1127,سبتمبر,2023-09-20,519519,5,5,5,5,5,شكر 
1128,سبتمبر,2023-09-20,615509,5,5,5,5,5,شكر 
1129,سبتمبر,2023-09-21,361198,5,5,5,5,5,شكر 
1130,سبتمبر,2023-09-21,2154030,5,5,5,5,5,شكر 
1131,سبتمبر,2023-09-21,622647,5,5,5,5,5,شكر 
1132,سبتمبر,2023-09-21,632116,5,5,5,5,5,شكر 
1133,سبتمبر,2023-09-21,603105,5,5,5,5,5,شكر 
1134,سبتمبر,2023-09-21,624495,5,5,5,5,5,شكر 
1135,سبتمبر,2023-09-21,2150350,5,5,5,5,5,شكر 
1136,سبتمبر,2023-09-21,836558,5,5,5,5,5,شكر 
1137,سبتمبر,2023-09-21,610484,5,5,5,5,5,شكر 
1138,سبتمبر,2023-09-21,837337,5,5,5,5,5,شكر 
1139,سبتمبر,2023-09-22,526893,5,5,5,5,5,شكر 
1140,سبتمبر,2023-09-22,836282,5,5,5,5,5,شكر 
1141,سبتمبر,2023-09-22,837138,5,5,5,5,5,شكر 
1142,سبتمبر,2023-09-22,614188,5,5,5,5,5,شكر 
1143,سبتمبر,2023-09-22,230052,4,4,4,4,4,شكوي
1144,سبتمبر,2023-09-22,775244,5,5,5,5,5,شكر 
1145,سبتمبر,2023-09-22,2154067,5,5,5,5,5,شكر 
1146,سبتمبر,2023-09-22,527391,5,5,5,5,5,شكر 
1147,سبتمبر,2023-09-22,490130,5,5,5,5,5,شكر 
1148,سبتمبر,2023-09-22,226099,5,5,5,5,5,شكر 
1149,سبتمبر,2023-09-22,512337,5,5,5,5,5,شكر 
1150,سبتمبر,2023-09-23,2153260,5,5,5,5,5,شكر 
1151,سبتمبر,2023-09-23,521279,5,5,1,5,5,شكوي
1152,سبتمبر,2023-09-23,514846,5,5,5,5,5,شكر 
1153,سبتمبر,2023-09-23,608511,5,5,5,5,5,شكر 
1154,سبتمبر,2023-09-23,836655,5,5,5,5,5,شكر 
1155,سبتمبر,2023-09-23,613842,5,5,5,5,5,شكر 
1156,سبتمبر,2023-09-23,517625,5,5,5,5,5,شكر 
1157,سبتمبر,2023-09-23,838005,5,5,5,5,5,شكر 
1158,سبتمبر,2023-09-23,2151788,5,5,5,5,5,شكر 
1159,سبتمبر,2023-09-23,522310,5,5,5,5,5,شكر 
1160,سبتمبر,2023-09-24,625025,5,5,5,5,5,شكر 
1161,سبتمبر,2023-09-24,835540,5,5,5,5,5,شكر 
1162,سبتمبر,2023-09-24,629108,5,5,5,5,5,شكر 
1163,سبتمبر,2023-09-24,602976,5,5,5,5,5,شكر 
1164,سبتمبر,2023-09-24,527416,5,5,5,5,5,شكوي
1165,سبتمبر,2023-09-24,615908,5,5,5,5,5,شكر 
1166,سبتمبر,2023-09-24,528102,5,5,5,5,5,شكر 
1167,سبتمبر,2023-09-24,601088,5,5,5,5,5,شكر 
1168,سبتمبر,2023-09-24,228479,5,5,5,5,5,شكر 
1169,سبتمبر,2023-09-24,508397,5,5,5,5,5,شكوي
1170,سبتمبر,2023-09-25,603513,5,5,5,5,5,شكر 
1171,سبتمبر,2023-09-25,514925,5,5,5,5,5,شكر 
1172,سبتمبر,2023-09-25,2154235,5,5,5,5,5,شكر 
1173,سبتمبر,2023-09-25,837764,5,5,5,5,5,شكر 
1174,سبتمبر,2023-09-25,525347,5,5,5,5,5,شكر 
1175,سبتمبر,2023-09-25,836255,5,5,5,5,5,شكر 
1176,سبتمبر,2023-09-25,615245,5,5,5,5,5,شكر 
1177,سبتمبر,2023-09-25,2156741,5,5,5,5,5,شكر 
1178,سبتمبر,2023-09-25,513709,5,5,5,5,5,شكر 
1179,سبتمبر,2023-09-25,835702,5,5,5,5,5,شكر 
1180,سبتمبر,2023-09-26,166455,5,5,5,5,5,شكر 
1181,سبتمبر,2023-09-26,625175,5,5,5,5,5,شكر 
1182,سبتمبر,2023-09-26,521727,5,5,5,5,5,اقتراح
1183,سبتمبر,2023-09-26,604473,5,5,5,5,5,شكر 
1184,سبتمبر,2023-09-26,623661,5,5,5,5,5,شكر 
1185,سبتمبر,2023-09-26,602287,5,5,5,5,5,شكر 
1186,سبتمبر,2023-09-26,631138,5,5,5,5,5,شكر 
1187,سبتمبر,2023-09-26,634491,5,5,5,5,5,شكر 
1188,سبتمبر,2023-09-26,602116,5,5,5,5,5,اقتراح
1189,سبتمبر,2023-09-26,627809,5,5,5,5,5,اقتراح
1190,سبتمبر,2023-09-27,526171,5,5,5,5,5,شكر 
1191,سبتمبر,2023-09-27,524553,5,5,5,5,5,شكر 
1192,سبتمبر,2023-09-27,625140,5,5,5,5,5,شكر 
1193,سبتمبر,2023-09-27,837656,5,5,5,5,5,شكر 
1194,سبتمبر,2023-09-27,516507,5,5,5,5,5,شكر 
1195,سبتمبر,2023-09-27,630074,5,5,5,5,5,شكر 
1196,سبتمبر,2023-09-27,836333,5,5,5,5,5,شكر 
1197,سبتمبر,2023-09-27,379456,5,5,5,5,5,شكر 
1198,سبتمبر,2023-09-27,602591,5,5,5,5,5,شكر 
1199,سبتمبر,2023-09-27,615662,5,5,5,5,5,شكر 
1200,سبتمبر,2023-09-27,614008,5,5,5,5,5,شكر 
1201,سبتمبر,2023-09-29,2153952,5,5,5,5,5,شكر 
1202,سبتمبر,2023-09-29,621434,5,5,5,5,5,شكر 
1203,سبتمبر,2023-09-29,519495,5,5,5,5,5,شكر 
1204,سبتمبر,2023-09-29,521288,5,5,5,5,5,شكر 
1205,سبتمبر,2023-09-29,604608,5,5,5,5,5,شكر 
1206,سبتمبر,2023-09-29,604103,5,5,5,5,5,شكر 
1207,سبتمبر,2023-09-29,2158827,5,5,5,5,5,شكر 
1208,سبتمبر,2023-09-29,2158348,5,5,5,5,5,شكر 
1209,سبتمبر,2023-09-29,526248,5,5,5,5,5,شكر 
1210,سبتمبر,2023-09-29,524471,5,5,5,5,5,شكر 
1211,سبتمبر,2023-09-30,2156737,5,5,5,5,5,شكر 
1212,سبتمبر,2023-09-30,627876,5,5,5,5,5,شكر 
1213,سبتمبر,2023-09-30,606907,5,5,5,5,5,شكر 
1214,سبتمبر,2023-09-30,617304,5,5,5,5,5,شكر 
1215,سبتمبر,2023-09-30,525621,5,5,5,5,5,شكر 
1216,سبتمبر,2023-09-30,525965,5,5,5,5,5,شكر 
1217,سبتمبر,2023-09-30,507975,5,5,5,5,5,شكر 
1218,سبتمبر,2023-09-30,2156653,5,5,5,5,5,شكر 
1219,سبتمبر,2023-09-30,618156,5,5,5,5,5,شكر 
1220,سبتمبر,2023-09-30,618114,5,5,5,5,5,شكر 
